timestamp,complaint,category,priority,response
2026-06-16 15:02:26.431017,product is not good,General Complaint,Normal,"Subject: Re: Concern about Product Quality

Dear [Customer],

Thank you for reaching out to us about your concerns regarding our product. I apologize that it did not meet your expectations and appreciate you bringing this to our attention.

At [Company Name], we take pride in providing high-quality products, and it's disappointing to hear that we fell short of that standard in your case. Can you please provide more details about what specifically didn't meet your expectations? This will help me better understand the issue and assist you further.

In the meantime, I'd like to offer some helpful guidance. If you're experiencing any issues with the product, please feel free to contact us so we can work together to resolve them as soon as possible. We value your feedback and would like to make things right.

Thank you for choosing [Company Name]. I look forward to resolving this matter with you.

Best regards,

[Your Name]
Customer Support Representative
[Company Name]"
2026-06-16 15:03:38.311741,camara is not working properly,General Complaint,Normal,"Subject: Re: Camera Issue - Assistance Provided

Dear [Customer],

Thank you for reaching out to us about your camera not working properly. I apologize that you're experiencing this issue and appreciate you bringing it to our attention.

To help resolve this problem, could you please provide more details about the issue you're facing? For example, what exactly is happening when you try to use the camera (e.g., no image appears, blurry, etc.)? Additionally, have you tried any troubleshooting steps already?

Once I have a better understanding of the issue, I'll be happy to guide you through possible solutions or assist with further troubleshooting.

Thank you for your patience and cooperation. I'm looking forward to helping resolve this matter for you.

Best regards,
[Your Name]
Customer Support Representative"
2026-06-16 15:05:24.653189,my product is not good,General Complaint,Normal,"Subject: Re: Concern with Your Recent Purchase

Dear [Customer],

Thank you for reaching out to us about your concerns with your recent purchase. I apologize that our product has not met your expectations, and I appreciate you taking the time to share your feedback with us.

I'd be happy to help resolve this issue for you. Can you please provide more details about what specifically is not meeting your needs? Is there a particular feature or aspect of the product that's causing frustration?

Once I have a better understanding of your concerns, I'll do my best to assist you and find a solution that works for you.

Thank you again for bringing this to our attention. I look forward to helping you soon!

Best regards,
[Your Name]
Customer Support Representative"
